HiraginoUDSansStdN-W3,ヒラギノUD角ゴ StdN W3.otf
HiraginoUDSansStd-W6,ヒラギノUD角ゴ Std W6.otf
HiraginoSansPr6N-W3,ヒラギノ角ゴ Pr6N W3.otf
HiraginoSansPr6N-W6,ヒラギノ角ゴ Pr6N W6.otf
HiraKakuProN-W1,ヒラギノ角ゴ ProN W1.otf
HiraKakuProN-W2,ヒラギノ角ゴ ProN W2.otf
HiraKakuProN-W3,ヒラギノ角ゴ ProN W3.otf
HiraKakuProN-W4,ヒラギノ角ゴ ProN W4.otf
HiraKakuProN-W5,ヒラギノ角ゴ ProN W5.otf
HiraKakuProN-W6,ヒラギノ角ゴ ProN W6.otf
HiraKakuStdN-W0,ヒラギノ角ゴ StdN W0.otf
HiraKakuStdN-W7,ヒラギノ角ゴ StdN W7.otf
HiraKakuStdN-W8,ヒラギノ角ゴ StdN W8.otf
HiraKakuStdN-W9,ヒラギノ角ゴ StdN W9.otf
HiraginoSansRPr6N-W4,ヒラギノ丸ゴ Pr6N W4.otf
HiraMaruProN-W4,ヒラギノ丸ゴ ProN W4.otf
HiraMaruStdN-W2,ヒラギノ丸ゴ StdN W2.otf
HiraMaruStdN-W3,ヒラギノ丸ゴ StdN W3.otf
HiraMaruStdN-W4,ヒラギノ丸ゴ StdN W4.otf
HiraMaruStdN-W5,ヒラギノ丸ゴ StdN W5.otf
HiraMaruStdN-W6,ヒラギノ丸ゴ StdN W6.otf
HiraMaruStdN-W8,ヒラギノ丸ゴ StdN W8.otf
HiraGyoStdN-W4,ヒラギノ行書 StdN W4.otf
HiraGyoStdN-W8,ヒラギノ行書 StdN W8.otf
HiraginoSerifPr6N-W3,ヒラギノ明朝 Pr6N W3.otf
HiraginoSerifPr6N-W6,ヒラギノ明朝 Pr6N W6.otf
HiraMinPro-W2,ヒラギノ明朝 Pro W2.otf
HiraMinProN-W2,ヒラギノ明朝 ProN W2.otf
HiraMinProN-W3,ヒラギノ明朝 ProN W3.otf
HiraMinProN-W6,ヒラギノ明朝 ProN W6.otf
HiraMinStdN-W4,ヒラギノ明朝 StdN W4.otf
HiraMinStdN-W5,ヒラギノ明朝 StdN W5.otf
HiraMinStdN-W7,ヒラギノ明朝 StdN W7.otf
HiraMinStdN-W8,ヒラギノ明朝 StdN W8.otf
Yutuki5GoKStd-W2,游築五号仮名 Std W2.otf
Yutuki5GoKStd-W3,游築五号仮名 Std W3.otf
Yutuki5GoKStd-W4,游築五号仮名 Std W4.otf
Yutuki5GoKStd-W5,游築五号仮名 Std W5.otf
Yutuki5GoKStd-W6,游築五号仮名 Std W6.otf
Yutuki5GoKStd-W7,游築五号仮名 Std W7.otf
Yutuki5GoKStd-W8,游築五号仮名 Std W8.otf
HiraMinHKStd-W3,ヒラギノ明朝横仮名 Std W3.otf
HiraMinHKStd-W4,ヒラギノ明朝横仮名 Std W4.otf
HiraMinHKStd-W5,ヒラギノ明朝横仮名 Std W5.otf
HiraMinHKStd-W6,ヒラギノ明朝横仮名 Std W6.otf
TRoKointaiStd-Md,TRoKointaiStd-Md.otf
